DATE (MM/DD/YYYY),HST,Global Horizontal [W/m^2],Air Temperature [deg C],Avg Wind Speed @ 10m [m/s]
7/4/2018,0:00,-2.11575,23.54,1.114
7/4/2018,0:01,-2.11575,23.54,1.104
7/4/2018,0:02,-2.21567,23.54,1.075
7/4/2018,0:03,-2.67408,23.54,1.186
7/4/2018,0:04,-2.82102,23.53,1.083
7/4/2018,0:05,-2.82101,23.53,1.031
7/4/2018,0:06,-2.821,23.53,1.037
7/4/2018,0:07,-2.821,23.52,0.929
7/4/2018,0:08,-2.821,23.5,0.567
7/4/2018,0:09,-2.821,23.47,0.305
7/4/2018,0:10,-2.821,23.46,0.06
7/4/2018,0:11,-2.82104,23.46,0
7/4/2018,0:12,-2.82106,23.51,0.434
7/4/2018,0:13,-2.82108,23.55,0.875
7/4/2018,0:14,-2.82107,23.55,1.223
7/4/2018,0:15,-2.82107,23.5,1.436
7/4/2018,0:16,-2.82108,23.41,1.555
7/4/2018,0:17,-2.82111,23.33,1.432
7/4/2018,0:18,-2.72706,23.29,1.488
7/4/2018,0:19,-2.16285,23.28,1.459
7/4/2018,0:20,-2.11584,23.28,1.312
7/4/2018,0:21,-2.32154,23.27,1.269
7/4/2018,0:22,-2.7506,23.23,1.214
7/4/2018,0:23,-2.82114,23.19,1.228
7/4/2018,0:24,-2.6801,23.16,1.821
7/4/2018,0:25,-2.5449,23.24,2.038
7/4/2018,0:26,-2.72123,23.38,2.347
7/4/2018,0:27,-2.64484,23.47,2.435
7/4/2018,0:28,-2.20992,23.52,2.907
7/4/2018,0:29,-2.11587,23.52,2.564
7/4/2018,0:30,-2.11587,23.51,2.96
7/4/2018,0:31,-2.11588,23.48,2.538
7/4/2018,0:32,-2.11589,23.46,2.938
7/4/2018,0:33,-2.11589,23.46,2.54
7/4/2018,0:34,-2.1159,23.46,2.104
7/4/2018,0:35,-2.11591,23.46,2.231
7/4/2018,0:36,-2.11591,23.46,2.096
7/4/2018,0:37,-2.11592,23.43,2.777
7/4/2018,0:38,-2.11592,23.42,2.141
7/4/2018,0:39,-2.11592,23.41,2.373
7/4/2018,0:40,-2.11591,23.4,2.537
7/4/2018,0:41,-2.1159,23.39,2.363
7/4/2018,0:42,-2.1159,23.35,2.496
7/4/2018,0:43,-2.11591,23.32,2.468
7/4/2018,0:44,-2.11591,23.29,2.46
7/4/2018,0:45,-2.11591,23.27,2.311
7/4/2018,0:46,-2.304,23.24,2.723
7/4/2018,0:47,-2.45682,23.22,2.87
7/4/2018,0:48,-2.46857,23.2,2.834
7/4/2018,0:49,-2.37453,23.17,2.757
7/4/2018,0:50,-2.14531,23.16,2.62
7/4/2018,0:51,-2.15119,23.16,2.215
7/4/2018,0:52,-2.11592,23.15,2.455
7/4/2018,0:53,-2.11593,23.13,2.301
7/4/2018,0:54,-2.11593,23.12,2.141
7/4/2018,0:55,-2.11593,23.11,2.014
7/4/2018,0:56,-2.25699,23.09,2.128
7/4/2018,0:57,-2.43332,23.08,1.802
7/4/2018,0:58,-2.46271,23.08,1.913
7/4/2018,0:59,-2.46858,23.07,1.891
7/4/2018,1:00,-2.45683,23.06,2.488
7/4/2018,1:01,-2.22173,23.05,2.331
7/4/2018,1:02,-2.11593,23.06,2.319
7/4/2018,1:03,-2.11593,23.06,2.324
7/4/2018,1:04,-2.11593,23.07,2.613
7/4/2018,1:05,-2.11593,23.08,2.527
7/4/2018,1:06,-2.11593,23.09,2.904
7/4/2018,1:07,-2.11593,23.11,2.597
7/4/2018,1:08,-2.11593,23.12,2.272
7/4/2018,1:09,-2.11593,23.15,1.963
7/4/2018,1:10,-2.11593,23.16,2.368
7/4/2018,1:11,-2.11593,23.17,2.045
7/4/2018,1:12,-2.11593,23.18,1.958
7/4/2018,1:13,-2.11593,23.2,1.761
7/4/2018,1:14,-2.11593,23.22,2.138
7/4/2018,1:15,-2.11593,23.22,1.852
7/4/2018,1:16,-2.11593,23.22,1.604
7/4/2018,1:17,-2.11593,23.23,2.494
7/4/2018,1:18,-2.11593,23.24,2.822
7/4/2018,1:19,-2.11593,23.23,2.349
7/4/2018,1:20,-2.11593,23.18,2.278
7/4/2018,1:21,-2.11593,23.1,2.149
7/4/2018,1:22,-2.11593,23.04,1.898
7/4/2018,1:23,-2.11593,22.99,2.474
7/4/2018,1:24,-2.11593,22.96,2.332
7/4/2018,1:25,-2.11593,22.93,2.278
7/4/2018,1:26,-2.11593,22.91,2.494
7/4/2018,1:27,-2.11593,22.9,2.216
7/4/2018,1:28,-2.11593,22.9,1.901
7/4/2018,1:29,-2.11593,22.89,1.356
7/4/2018,1:30,-2.11593,22.9,1.506
7/4/2018,1:31,-2.11593,22.91,2.381
7/4/2018,1:32,-2.11593,22.96,1.991
7/4/2018,1:33,-1.87495,23,1.33
7/4/2018,1:34,-1.76327,23.04,1.07
7/4/2018,1:35,-1.76327,23.07,1.597
7/4/2018,1:36,-1.62221,23.11,1.741
7/4/2018,1:37,-1.41062,23.15,1.312
7/4/2018,1:38,-1.41062,23.2,0.895
7/4/2018,1:39,-1.41062,23.23,1.687
7/4/2018,1:40,-1.41062,23.27,1.486
7/4/2018,1:41,-1.41062,23.3,1.681
7/4/2018,1:42,-1.41062,23.32,1.692
7/4/2018,1:43,-1.41062,23.33,1.196
7/4/2018,1:44,-1.41062,23.35,1.558
7/4/2018,1:45,-1.41062,23.36,1.676
7/4/2018,1:46,-1.41062,23.35,1.942
7/4/2018,1:47,-1.41062,23.35,1.813
7/4/2018,1:48,-1.41062,23.38,2.061
7/4/2018,1:49,-1.41062,23.4,1.529
7/4/2018,1:50,-1.41062,23.44,1.099
7/4/2018,1:51,-1.41062,23.46,1.111
7/4/2018,1:52,-1.41062,23.47,1
7/4/2018,1:53,-1.41062,23.48,1.348
7/4/2018,1:54,-1.41062,23.5,1.099
7/4/2018,1:55,-1.4165,23.51,1.099
7/4/2018,1:56,-1.68099,23.51,0.676
7/4/2018,1:57,-1.97487,23.5,0.795
7/4/2018,1:58,-2.11593,23.48,1.134
7/4/2018,1:59,-2.11593,23.48,1.393
7/4/2018,2:00,-2.11593,23.48,1.607
7/4/2018,2:01,-2.08066,23.48,1.646
7/4/2018,2:02,-1.76327,23.49,1.248
7/4/2018,2:03,-1.75152,23.51,0.897
7/4/2018,2:04,-1.76327,23.52,1.14
7/4/2018,2:05,-1.76327,23.52,1.382
7/4/2018,2:06,-1.76327,23.52,1.674
7/4/2018,2:07,-1.76915,23.52,1.191
7/4/2018,2:08,-2.05128,23.52,1.116
7/4/2018,2:09,-2.11593,23.51,1.258
7/4/2018,2:10,-2.11593,23.48,1.664
7/4/2018,2:11,-2.11593,23.46,1.547
7/4/2018,2:12,-2.11593,23.46,1.397
7/4/2018,2:13,-2.11593,23.44,1.343
7/4/2018,2:14,-2.11593,23.41,1.364
7/4/2018,2:15,-2.11593,23.4,1.444
7/4/2018,2:16,-2.11593,23.38,1.397
7/4/2018,2:17,-2.11593,23.35,1.253
7/4/2018,2:18,-2.11592,23.32,1.29
7/4/2018,2:19,-2.1159,23.29,1.367
7/4/2018,2:20,-2.11591,23.28,1.379
7/4/2018,2:21,-2.11591,23.25,1.119
7/4/2018,2:22,-2.11591,23.23,1.049
7/4/2018,2:23,-2.11592,23.23,1.277
7/4/2018,2:24,-2.11592,23.22,1.323
7/4/2018,2:25,-2.11592,23.22,1.091
7/4/2018,2:26,-2.11592,23.22,0.822
7/4/2018,2:27,-2.11592,23.22,1.267
7/4/2018,2:28,-2.11592,23.19,0.911
7/4/2018,2:29,-2.11593,23.16,0.737
7/4/2018,2:30,-2.11593,23.15,0.779
7/4/2018,2:31,-2.11593,23.12,0.924
7/4/2018,2:32,-2.11593,23.1,0.805
7/4/2018,2:33,-2.11593,23.08,0.802
7/4/2018,2:34,-2.11593,23.07,0.83
7/4/2018,2:35,-2.11593,23.07,1.109
7/4/2018,2:36,-2.11593,23.08,0.929
7/4/2018,2:37,-2.11593,23.07,1.008
7/4/2018,2:38,-2.11593,23.07,1.143
7/4/2018,2:39,-2.11593,23.06,1.009
7/4/2018,2:40,-2.11593,23.05,0.913
7/4/2018,2:41,-2.11593,23.07,0.982
7/4/2018,2:42,-2.11593,23.07,1.148
7/4/2018,2:43,-2.11593,23.07,1.063
7/4/2018,2:44,-2.11593,23.05,1.096
7/4/2018,2:45,-2.11593,23.04,1.364
7/4/2018,2:46,-2.11593,23.02,1.4
7/4/2018,2:47,-2.11593,23,1.488
7/4/2018,2:48,-2.11593,22.99,1.47
7/4/2018,2:49,-2.11593,22.98,1.561
7/4/2018,2:50,-2.11593,22.96,1.473
7/4/2018,2:51,-2.11593,22.94,1.498
7/4/2018,2:52,-2.11593,22.92,1.576
7/4/2018,2:53,-2.11593,22.91,1.7
7/4/2018,2:54,-2.11593,22.91,1.604
7/4/2018,2:55,-1.98075,22.92,1.615
7/4/2018,2:56,-1.76915,22.94,1.429
7/4/2018,2:57,-1.76328,22.99,1.774
7/4/2018,2:58,-1.72213,23.05,1.79
7/4/2018,2:59,-1.42825,23.09,1.736
7/4/2018,3:00,-1.41062,23.11,1.658
7/4/2018,3:01,-1.4165,23.1,1.775
7/4/2018,3:02,-1.45176,23.07,1.671
7/4/2018,3:03,-1.71625,23.05,1.534
7/4/2018,3:04,-1.75152,23.02,1.552
7/4/2018,3:05,-1.7574,22.99,1.614
7/4/2018,3:06,-1.74564,22.98,1.512
7/4/2018,3:07,-1.44001,22.96,1.503
7/4/2018,3:08,-1.41062,22.94,1.437
7/4/2018,3:09,-1.41062,22.93,1.326
7/4/2018,3:10,-1.41062,22.93,1.496
7/4/2018,3:11,-1.41062,22.93,1.495
7/4/2018,3:12,-1.41062,22.93,1.37
7/4/2018,3:13,-1.41062,22.93,1.382
7/4/2018,3:14,-1.41062,22.93,1.532
7/4/2018,3:15,-1.35772,22.94,1.331
7/4/2018,3:16,-1.0756,22.95,1.361
7/4/2018,3:17,-0.87576,22.97,1.485
7/4/2018,3:18,-0.70531,22.98,1.254
7/4/2018,3:19,-0.70531,23,1.187
7/4/2018,3:20,-0.70531,23.03,1.227
7/4/2018,3:21,-0.687677,23.04,1.336
7/4/2018,3:22,-0.481962,23.06,1.424
7/4/2018,3:23,-0.382043,23.09,1.842
7/4/2018,3:24,-0.352655,23.12,1.612
7/4/2018,3:25,-0.358533,23.15,1.48
7/4/2018,3:26,-0.352655,23.16,1.642
7/4/2018,3:27,-0.382043,23.2,1.673
7/4/2018,3:28,-0.382043,23.23,1.431
7/4/2018,3:29,-0.528983,23.27,1.408
7/4/2018,3:30,-0.628902,23.28,1.408
7/4/2018,3:31,-0.699433,23.3,1.553
7/4/2018,3:32,-0.70531,23.33,1.593
7/4/2018,3:33,-0.70531,23.35,1.522
7/4/2018,3:34,-0.70531,23.38,1.441
7/4/2018,3:35,-0.70531,23.4,1.619
7/4/2018,3:36,-0.70531,23.42,1.512
7/4/2018,3:37,-0.70531,23.46,1.457
7/4/2018,3:38,-0.70531,23.47,1.511
7/4/2018,3:39,-0.70531,23.51,1.588
7/4/2018,3:40,-0.70531,23.53,1.739
7/4/2018,3:41,-0.70531,23.55,1.506
7/4/2018,3:42,-0.70531,23.57,1.589
7/4/2018,3:43,-0.70531,23.6,1.677
7/4/2018,3:44,-0.70531,23.63,1.854
7/4/2018,3:45,-0.699433,23.65,1.506
7/4/2018,3:46,-0.429064,23.67,1.909
7/4/2018,3:47,-0.352655,23.7,1.761
7/4/2018,3:48,-0.182205,23.72,1.365
7/4/2018,3:49,-0.017633,23.76,1.483
7/4/2018,3:50,0,23.77,1.481
7/4/2018,3:51,0,23.79,1.285
7/4/2018,3:52,0,23.82,1.272
7/4/2018,3:53,0,23.85,1.269
7/4/2018,3:54,0,23.88,1.241
7/4/2018,3:55,-0.011755,23.9,1.534
7/4/2018,3:56,-0.223348,23.9,1.545
7/4/2018,3:57,-0.340899,23.88,1.512
7/4/2018,3:58,-0.35265,23.86,1.677
7/4/2018,3:59,-0.346769,23.85,1.986
7/4/2018,4:00,-0.088161,23.83,1.805
7/4/2018,4:01,0,23.81,2.272
7/4/2018,4:02,0,23.79,1.756
7/4/2018,4:03,0,23.77,1.842
7/4/2018,4:04,0,23.76,2.012
7/4/2018,4:05,0,23.76,1.839
7/4/2018,4:06,0,23.74,1.606
7/4/2018,4:07,0,23.75,1.847
7/4/2018,4:08,0,23.76,1.74
7/4/2018,4:09,0,23.78,2.12
7/4/2018,4:10,0.141053,23.78,2.971
7/4/2018,4:11,0.282107,23.82,2.167
7/4/2018,4:12,0.035263,23.86,2.071
7/4/2018,4:13,0,23.9,1.842
7/4/2018,4:14,0,23.94,1.947
7/4/2018,4:15,-0.27035,23.95,1.978
7/4/2018,4:16,-0.364384,23.94,1.922
7/4/2018,4:17,-0.53482,23.94,1.953
7/4/2018,4:18,-0.634729,23.95,1.865
7/4/2018,4:19,-0.570075,23.98,2.076
7/4/2018,4:20,-0.575948,24.01,1.78
7/4/2018,4:21,-0.387881,24.01,1.769
7/4/2018,4:22,-0.423139,24.02,1.704
7/4/2018,4:23,-0.575929,24.03,1.687
7/4/2018,4:24,-0.687583,24.04,1.61
7/4/2018,4:25,-0.705207,24.04,1.62
7/4/2018,4:26,-0.705198,24.07,1.32
7/4/2018,4:27,-0.705194,24.08,1.472
7/4/2018,4:28,-0.70519,24.09,1.534
7/4/2018,4:29,-0.705185,24.12,1.579
7/4/2018,4:30,-0.70518,24.14,1.506
7/4/2018,4:31,-0.705177,24.18,1.437
7/4/2018,4:32,-0.705174,24.2,1.158
7/4/2018,4:33,-1.00487,24.2,1.78
7/4/2018,4:34,-1.40445,24.2,1.849
7/4/2018,4:35,-1.41032,24.19,1.805
7/4/2018,4:36,-1.4103,24.18,1.704
7/4/2018,4:37,-1.41028,24.18,1.486
7/4/2018,4:38,-1.41027,24.18,1.544
7/4/2018,4:39,-1.41025,24.19,1.019
7/4/2018,4:40,-1.72163,24.19,0.639
7/4/2018,4:41,-2.0683,24.18,0.727
7/4/2018,4:42,-2.1153,24.17,0.84
7/4/2018,4:43,-2.1153,24.16,0.779
7/4/2018,4:44,-2.11529,24.14,0.663
7/4/2018,4:45,-2.11527,24.12,0.559
7/4/2018,4:46,-2.11525,24.08,0.773
7/4/2018,4:47,-2.11525,24.06,0.924
7/4/2018,4:48,-2.11525,24.07,0.978
7/4/2018,4:49,-2.11526,24.06,1.189
7/4/2018,4:50,-2.09764,24.04,1.049
7/4/2018,4:51,-1.75685,24.04,0.898
7/4/2018,4:52,-1.75097,24.06,0.911
7/4/2018,4:53,-1.95074,24.06,0.756
7/4/2018,4:54,-2.11525,24.04,0.56
7/4/2018,4:55,-2.11524,24.02,0.399
7/4/2018,4:56,-2.11523,24.01,0.405
7/4/2018,4:57,-2.11522,24,0.354
7/4/2018,4:58,-2.36196,23.96,0.235
7/4/2018,4:59,-2.74973,23.92,0.403
7/4/2018,5:00,-2.82024,23.89,0.658
7/4/2018,5:01,-2.82024,23.86,0.614
7/4/2018,5:02,-2.82024,23.83,0.537
7/4/2018,5:03,-2.82023,23.82,0.451
7/4/2018,5:04,-2.82022,23.79,0.421
7/4/2018,5:05,-2.82023,23.76,0.488
7/4/2018,5:06,-2.82024,23.71,0.49
7/4/2018,5:07,-2.82025,23.66,0.438
7/4/2018,5:08,-2.82028,23.62,0.482
7/4/2018,5:09,-2.8203,23.57,0.604
7/4/2018,5:10,-2.82031,23.53,0.681
7/4/2018,5:11,-2.82032,23.52,0.813
7/4/2018,5:12,-2.86147,23.5,0.84
7/4/2018,5:13,-2.99075,23.47,0.812
7/4/2018,5:14,-2.82037,23.42,0.706
7/4/2018,5:15,-2.82039,23.37,0.74
7/4/2018,5:16,-2.82041,23.32,0.657
7/4/2018,5:17,-2.82042,23.28,0.728
7/4/2018,5:18,-2.82044,23.28,0.906
7/4/2018,5:19,-2.82046,23.27,0.849
7/4/2018,5:20,-2.82047,23.24,0.874
7/4/2018,5:21,-2.65596,23.21,0.955
7/4/2018,5:22,-2.37392,23.16,1.004
7/4/2018,5:23,-2.12126,23.15,1.15
7/4/2018,5:24,-2.11539,23.15,1.171
7/4/2018,5:25,-2.32694,23.16,1.294
7/4/2018,5:26,-2.46799,23.17,1.41
7/4/2018,5:27,-2.63842,23.16,1.542
7/4/2018,5:28,-2.63255,23.14,1.568
7/4/2018,5:29,-2.48566,23.1,1.514
7/4/2018,5:30,-2.4269,23.1,1.491
7/4/2018,5:31,-2.16248,23.11,1.512
7/4/2018,5:32,-2.11547,23.13,1.547
7/4/2018,5:33,-2.11547,23.15,1.459
7/4/2018,5:34,-2.11548,23.16,1.281
7/4/2018,5:35,-2.11548,23.16,1.297
7/4/2018,5:36,-2.11551,23.16,1.16
7/4/2018,5:37,-2.10965,23.16,1.181
7/4/2018,5:38,-1.88049,23.16,1.245
7/4/2018,5:39,-1.61605,23.14,1.31
7/4/2018,5:40,-1.41038,23.12,1.459
7/4/2018,5:41,-1.4104,23.11,1.499
7/4/2018,5:42,-1.05781,23.12,1.597
7/4/2018,5:43,-0.705214,23.14,1.602
7/4/2018,5:44,-0.31147,23.16,1.676
7/4/2018,5:45,0,23.16,1.735
7/4/2018,5:46,0.458403,23.16,1.579
7/4/2018,5:47,0.705245,23.16,1.517
7/4/2018,5:48,0.858058,23.16,1.406
7/4/2018,5:49,1.32236,23.16,1.416
7/4/2018,5:50,1.41053,23.14,1.413
7/4/2018,5:51,1.92774,23.12,1.236
7/4/2018,5:52,2.24512,23.1,0.934
7/4/2018,5:53,2.82109,23.07,0.884
7/4/2018,5:54,3.38533,23.04,0.753
7/4/2018,5:55,3.79676,23.02,0.73
7/4/2018,5:56,4.17293,22.98,0.639
7/4/2018,5:57,4.8136,22.95,0.389
7/4/2018,5:58,5.4425,22.92,0.088
7/4/2018,5:59,6.03614,22.9,0
7/4/2018,6:00,6.58865,22.88,0
7/4/2018,6:01,7.23519,22.87,0
7/4/2018,6:02,7.89349,22.86,0
7/4/2018,6:03,8.28142,22.86,0
7/4/2018,6:04,9.05727,22.85,0
7/4/2018,6:05,9.79785,22.84,0
7/4/2018,6:06,10.8147,22.83,0
7/4/2018,6:07,11.7022,22.82,0
7/4/2018,6:08,12.4781,22.81,0
7/4/2018,6:09,13.2715,22.8,0.165
7/4/2018,6:10,14.353,22.79,0.359
7/4/2018,6:11,16.9215,22.79,0.046
7/4/2018,6:12,20.3599,22.79,0.008
7/4/2018,6:13,23.2634,22.8,0.333
7/4/2018,6:14,25.5733,22.82,0.738
7/4/2018,6:15,25.9847,22.85,0.911
7/4/2018,6:16,27.4483,22.86,1.078
7/4/2018,6:17,29.2174,22.88,1.557
7/4/2018,6:18,28.6943,22.87,1.633
7/4/2018,6:19,27.9949,22.83,1.429
7/4/2018,6:20,30.9748,22.8,1.315
7/4/2018,6:21,35.3771,22.79,1.504
7/4/2018,6:22,39.0918,22.8,1.085
7/4/2018,6:23,38.839,22.82,1.138
7/4/2018,6:24,42.6301,22.87,1.424
7/4/2018,6:25,45.4631,22.93,1.606
7/4/2018,6:26,44.5286,23,1.749
7/4/2018,6:27,47.7377,23.08,1.439
7/4/2018,6:28,50.2474,23.16,1.38
7/4/2018,6:29,51.7462,23.22,1.426
7/4/2018,6:30,53.2097,23.28,2.566
7/4/2018,6:31,53.6035,23.33,2.254
7/4/2018,6:32,52.5103,23.36,2.292
7/4/2018,6:33,49.5656,23.37,2.411
7/4/2018,6:34,59.2872,23.38,2.559
7/4/2018,6:35,60.9446,23.39,2.568
7/4/2018,6:36,66.1757,23.4,1.968
7/4/2018,6:37,69.0557,23.41,2.251
7/4/2018,6:38,67.0162,23.44,1.496
7/4/2018,6:39,72.9702,23.47,1.826
7/4/2018,6:40,59.369,23.51,2.182
7/4/2018,6:41,57.9932,23.54,2.156
7/4/2018,6:42,62.4008,23.57,2.167
7/4/2018,6:43,65.8094,23.59,1.999
7/4/2018,6:44,61.8128,23.61,1.774
7/4/2018,6:45,65.3631,23.63,2.045
7/4/2018,6:46,70.6817,23.64,2.027
7/4/2018,6:47,76.5644,23.64,2.006
7/4/2018,6:48,82.2589,23.65,1.934
7/4/2018,6:49,87.4476,23.66,2.114
7/4/2018,6:50,94.0347,23.69,2.27
7/4/2018,6:51,93.6518,23.71,2.154
7/4/2018,6:52,101.021,23.76,1.821
7/4/2018,6:53,132.292,23.78,1.849
7/4/2018,6:54,149.111,23.83,1.857
7/4/2018,6:55,150.745,23.89,1.561
7/4/2018,6:56,148.299,23.96,1.395
7/4/2018,6:57,141.545,24.04,1.382
7/4/2018,6:58,131.924,24.13,1.625
7/4/2018,6:59,131.171,24.19,1.486
7/4/2018,7:00,119.504,24.27,1.472
7/4/2018,7:01,114.966,24.32,1.478
7/4/2018,7:02,93.0215,24.37,1.968
7/4/2018,7:03,93.114,24.38,2.016
7/4/2018,7:04,96.3609,24.4,1.903
7/4/2018,7:05,89.4544,24.42,1.816
7/4/2018,7:06,85.733,24.44,1.731
7/4/2018,7:07,87.3463,24.49,1.63
7/4/2018,7:08,78.279,24.52,1.147
7/4/2018,7:09,73.5128,24.56,1.56
7/4/2018,7:10,69.9388,24.6,1.284
7/4/2018,7:11,68.3217,24.62,1.209
7/4/2018,7:12,67.8978,24.64,1.542
7/4/2018,7:13,69.8006,24.66,1.24
7/4/2018,7:14,74.0238,24.69,1.218
7/4/2018,7:15,84.3754,24.73,1.16
7/4/2018,7:16,88.3875,24.75,1.264
7/4/2018,7:17,129.296,24.77,1.102
7/4/2018,7:18,222.345,24.83,0.988
7/4/2018,7:19,200.277,24.91,1.204
7/4/2018,7:20,226.679,25,1.089
7/4/2018,7:21,242.105,25.09,1.122
7/4/2018,7:22,249.935,25.2,1.053
7/4/2018,7:23,256.996,25.33,0.66
7/4/2018,7:24,259.609,25.47,0.934
7/4/2018,7:25,265.184,25.57,0.761
7/4/2018,7:26,270.253,25.7,0.928
7/4/2018,7:27,269.901,25.82,0.892
7/4/2018,7:28,270.493,25.92,0.786
7/4/2018,7:29,231.095,26.05,0.534
7/4/2018,7:30,203.489,26.2,0.578
7/4/2018,7:31,243.303,26.34,0.286
7/4/2018,7:32,267.76,26.47,0.348
7/4/2018,7:33,267.954,26.59,0.475
7/4/2018,7:34,270.675,26.67,0.583
7/4/2018,7:35,269.218,26.77,0.333
7/4/2018,7:36,269.737,26.87,0.603
7/4/2018,7:37,272.389,26.92,0.593
7/4/2018,7:38,277.824,26.99,0.595
7/4/2018,7:39,285.525,27.05,0.938
7/4/2018,7:40,282.399,27.09,0.738
7/4/2018,7:41,301.036,27.15,0.678
7/4/2018,7:42,300.185,27.18,1.016
7/4/2018,7:43,302.42,27.18,1.027
7/4/2018,7:44,306.759,27.18,1
7/4/2018,7:45,310.418,27.18,1.07
7/4/2018,7:46,322.583,27.18,0.996
7/4/2018,7:47,333.062,27.21,0.789
7/4/2018,7:48,338.561,27.28,0.951
7/4/2018,7:49,340.411,27.32,1.022
7/4/2018,7:50,339.457,27.37,0.833
7/4/2018,7:51,346.242,27.49,0.606
7/4/2018,7:52,352.324,27.64,0.853
7/4/2018,7:53,355.43,27.76,1.148
7/4/2018,7:54,364.036,27.84,0.895
7/4/2018,7:55,369.142,27.91,0.717
7/4/2018,7:56,368.889,27.97,0.554
7/4/2018,7:57,372.69,27.99,0.715
7/4/2018,7:58,382.509,28.07,0.555
7/4/2018,7:59,383.906,28.21,0.648
7/4/2018,8:00,389.919,28.31,0.544
7/4/2018,8:01,397.872,28.4,0.856
7/4/2018,8:02,402.402,28.41,0.704
7/4/2018,8:03,406.98,28.45,0.601
7/4/2018,8:04,410.026,28.59,0.639
7/4/2018,8:05,415.05,28.7,0.825
7/4/2018,8:06,409.041,28.78,1.12
7/4/2018,8:07,413.901,28.83,0.59
7/4/2018,8:08,409.398,28.92,0.728
7/4/2018,8:09,285.336,29.03,0.652
7/4/2018,8:10,168.004,29.09,0.887
7/4/2018,8:11,157.265,29.15,0.75
7/4/2018,8:12,156.964,29.12,0.911
7/4/2018,8:13,337.754,29.06,0.987
7/4/2018,8:14,439.312,28.96,0.869
7/4/2018,8:15,436.518,28.88,0.617
7/4/2018,8:16,424.836,28.86,1.052
7/4/2018,8:17,385.576,28.83,0.679
7/4/2018,8:18,418.529,28.83,0.812
7/4/2018,8:19,420.755,28.89,0.81
7/4/2018,8:20,428.771,28.88,0.639
7/4/2018,8:21,433.02,28.9,0.591
7/4/2018,8:22,444.449,28.99,0.753
7/4/2018,8:23,455.681,29.07,0.691
7/4/2018,8:24,461.975,29.17,0.88
7/4/2018,8:25,463.471,29.27,0.892
7/4/2018,8:26,461.217,29.3,1.055
7/4/2018,8:27,461.519,29.34,1.178
7/4/2018,8:28,311.913,29.44,0.797
7/4/2018,8:29,147.238,29.49,1.266
7/4/2018,8:30,147.423,29.42,0.719
7/4/2018,8:31,372.547,29.32,0.673
7/4/2018,8:32,485.423,29.31,0.728
7/4/2018,8:33,498.403,29.33,1.024
7/4/2018,8:34,512.18,29.28,1.07
7/4/2018,8:35,522.576,29.3,0.936
7/4/2018,8:36,525.558,29.28,0.879
7/4/2018,8:37,527.93,29.25,0.724
7/4/2018,8:38,531.995,29.28,1.134
7/4/2018,8:39,533.058,29.3,1.044
7/4/2018,8:40,539.521,29.33,1.109
7/4/2018,8:41,541.452,29.34,0.936
7/4/2018,8:42,540.491,29.32,0.972
7/4/2018,8:43,542.683,29.44,1.462
7/4/2018,8:44,546.616,29.54,1.062
7/4/2018,8:45,548.168,29.72,0.954
7/4/2018,8:46,552.231,29.88,1.176
7/4/2018,8:47,556.418,30.02,1.535
7/4/2018,8:48,565.292,30.09,1.101
7/4/2018,8:49,572.024,30.16,1.539
7/4/2018,8:50,577.053,30.23,1.495
7/4/2018,8:51,579.628,30.28,1.349
7/4/2018,8:52,581.994,30.29,2.053
7/4/2018,8:53,589.358,30.33,1.826
7/4/2018,8:54,597.814,30.29,1.416
7/4/2018,8:55,600.161,30.36,1.847
7/4/2018,8:56,603.638,30.41,1.891
7/4/2018,8:57,604.059,30.49,1.526
7/4/2018,8:58,605.724,30.46,1.771
7/4/2018,8:59,609.274,30.34,1.444
7/4/2018,9:00,615.667,30.33,1.395
7/4/2018,9:01,623.779,30.34,1.352
7/4/2018,9:02,628.123,30.36,1.184
7/4/2018,9:03,629.837,30.45,1.481
7/4/2018,9:04,634.825,30.49,1.686
7/4/2018,9:05,635.525,30.52,1.715
7/4/2018,9:06,636.872,30.56,2.091
7/4/2018,9:07,644.477,30.58,1.668
7/4/2018,9:08,647.111,30.57,2.385
7/4/2018,9:09,650.847,30.51,1.901
7/4/2018,9:10,656.105,30.51,1.55
7/4/2018,9:11,656.369,30.6,1.612
7/4/2018,9:12,654.631,30.66,2.411
7/4/2018,9:13,658.304,30.66,1.993
7/4/2018,9:14,660.828,30.66,1.896
7/4/2018,9:15,667.655,30.66,1.759
7/4/2018,9:16,673.087,30.69,2.367
7/4/2018,9:17,672.52,30.75,1.614
7/4/2018,9:18,679.186,30.85,1.712
7/4/2018,9:19,683.987,30.9,2.257
7/4/2018,9:20,686.905,30.92,2.167
7/4/2018,9:21,688.64,30.98,1.916
7/4/2018,9:22,688.245,31.03,2.097
7/4/2018,9:23,691.78,31.02,2.202
7/4/2018,9:24,697.497,31.01,1.918
7/4/2018,9:25,700.886,31,1.886
7/4/2018,9:26,703.202,30.96,2.192
7/4/2018,9:27,704.813,30.96,1.818
7/4/2018,9:28,706.883,30.97,1.281
7/4/2018,9:29,709.439,31.04,2.341
7/4/2018,9:30,709.305,31.14,2.466
7/4/2018,9:31,704.804,31.05,1.61
7/4/2018,9:32,694.181,31.01,1.713
7/4/2018,9:33,705.434,30.96,2.069
7/4/2018,9:34,727.675,30.94,2.065
7/4/2018,9:35,735.752,30.9,1.53
7/4/2018,9:36,737.401,30.95,1.867
7/4/2018,9:37,737.675,30.99,1.847
7/4/2018,9:38,736.705,31.12,1.736
7/4/2018,9:39,734.32,31.25,2.203
7/4/2018,9:40,738.253,31.31,2.189
7/4/2018,9:41,744.651,31.29,1.864
7/4/2018,9:42,752.491,31.32,2.229
7/4/2018,9:43,753.068,31.27,2.257
7/4/2018,9:44,753.772,31.19,2.163
7/4/2018,9:45,759.884,31.09,2.359
7/4/2018,9:46,762.161,31.08,2.448
7/4/2018,9:47,770.394,31.14,2.176
7/4/2018,9:48,777.435,31.21,2.123
7/4/2018,9:49,779.996,31.3,1.873
7/4/2018,9:50,778.828,31.38,2.241
7/4/2018,9:51,779.09,31.35,1.877
7/4/2018,9:52,776.461,31.21,2.096
7/4/2018,9:53,774.967,31.22,1.975
7/4/2018,9:54,779.999,31.31,1.847
7/4/2018,9:55,786.267,31.34,2.1
7/4/2018,9:56,788.615,31.31,1.903
7/4/2018,9:57,791.561,31.32,2.194
7/4/2018,9:58,796.272,31.27,1.733
7/4/2018,9:59,797.846,31.31,1.707
7/4/2018,10:00,802.5,31.38,2.009
7/4/2018,10:01,805.998,31.35,2.391
7/4/2018,10:02,808.916,31.3,2.109
7/4/2018,10:03,814.749,31.25,2.212
7/4/2018,10:04,820.289,31.25,1.919
7/4/2018,10:05,821.642,31.32,2.2
7/4/2018,10:06,825.411,31.28,1.929
7/4/2018,10:07,830.91,31.34,2.163
7/4/2018,10:08,833.548,31.44,2.264
7/4/2018,10:09,835.857,31.45,2.056
7/4/2018,10:10,841.503,31.45,1.818
7/4/2018,10:11,851.483,31.49,2.231
7/4/2018,10:12,855.751,31.54,1.857
7/4/2018,10:13,852.303,31.64,1.98
7/4/2018,10:14,850.789,31.7,1.968
7/4/2018,10:15,819.112,31.69,2.207
7/4/2018,10:16,663.257,31.68,2.396
7/4/2018,10:17,585.614,31.61,2.05
7/4/2018,10:18,515.483,31.54,2.208
7/4/2018,10:19,583.685,31.41,2.02
7/4/2018,10:20,674.668,31.35,2.154
7/4/2018,10:21,772.329,31.37,1.79
7/4/2018,10:22,754.738,31.41,1.785
7/4/2018,10:23,816.237,31.47,1.504
7/4/2018,10:24,822.869,31.53,2.305
7/4/2018,10:25,877.895,31.54,1.81
7/4/2018,10:26,890.819,31.59,2.123
7/4/2018,10:27,898.442,31.61,1.937
7/4/2018,10:28,895.832,31.64,2.264
7/4/2018,10:29,894.079,31.64,2.14
7/4/2018,10:30,897.158,31.64,1.852
7/4/2018,10:31,896.466,31.63,2.002
7/4/2018,10:32,894.466,31.64,2.18
7/4/2018,10:33,893.422,31.65,2.112
7/4/2018,10:34,895.539,31.71,2.553
7/4/2018,10:35,901.796,31.73,2.695
7/4/2018,10:36,905.9,31.69,2.471
7/4/2018,10:37,904.153,31.81,2.497
7/4/2018,10:38,900.705,31.91,2.982
7/4/2018,10:39,898.658,32.01,2.047
7/4/2018,10:40,898.207,32.06,2.172
7/4/2018,10:41,900.957,32.06,2.174
7/4/2018,10:42,900.071,32.03,1.97
7/4/2018,10:43,902.546,32.02,2.765
7/4/2018,10:44,901.338,31.97,2.989
7/4/2018,10:45,907.524,31.84,2.359
7/4/2018,10:46,911.822,31.8,2.491
7/4/2018,10:47,915.962,31.74,2.481
7/4/2018,10:48,915.464,31.73,2.961
7/4/2018,10:49,916.197,31.73,2.677
7/4/2018,10:50,919.123,31.7,2.862
7/4/2018,10:51,918.607,31.63,2.809
7/4/2018,10:52,918.877,31.61,2.555
7/4/2018,10:53,922.8,31.62,2.509
7/4/2018,10:54,927.69,31.64,2.471
7/4/2018,10:55,928.792,31.64,2.963
7/4/2018,10:56,935.659,31.59,2.563
7/4/2018,10:57,939.183,31.68,1.785
7/4/2018,10:58,940.057,31.79,2.378
7/4/2018,10:59,937.266,31.86,2.826
7/4/2018,11:00,936.972,31.74,3.241
7/4/2018,11:01,936.374,31.56,2.994
7/4/2018,11:02,938.767,31.47,2.068
7/4/2018,11:03,939.154,31.52,2.159
7/4/2018,11:04,943.1,31.57,2.796
7/4/2018,11:05,945.551,31.58,2.359
7/4/2018,11:06,944.056,31.64,2.334
7/4/2018,11:07,942.572,31.71,2.917
7/4/2018,11:08,945.885,31.71,2.267
7/4/2018,11:09,946.226,31.71,2.267
7/4/2018,11:10,947.621,31.74,2.092
7/4/2018,11:11,948.19,31.74,2.602
7/4/2018,11:12,950.875,31.76,2.914
7/4/2018,11:13,957.947,31.74,2.751
7/4/2018,11:14,965.031,31.69,2.135
7/4/2018,11:15,964.116,31.71,2.009
7/4/2018,11:16,954.599,31.77,2.194
7/4/2018,11:17,942.695,31.82,2.187
7/4/2018,11:18,953.678,31.83,2.109
7/4/2018,11:19,963.33,31.83,2.074
7/4/2018,11:20,966.86,31.82,2.169
7/4/2018,11:21,970.232,31.83,2.321
7/4/2018,11:22,965.414,31.83,2.082
7/4/2018,11:23,964.56,31.92,2.269
7/4/2018,11:24,978.047,31.92,2.519
7/4/2018,11:25,980.458,31.81,2.107
7/4/2018,11:26,978.816,31.79,2.089
7/4/2018,11:27,977.303,31.83,2.128
7/4/2018,11:28,985.043,31.83,2.618
7/4/2018,11:29,986.609,31.83,2.344
7/4/2018,11:30,982.451,31.77,2.817
7/4/2018,11:31,982.721,31.61,2.401
7/4/2018,11:32,984.397,31.53,2.568
7/4/2018,11:33,976.891,31.52,2.097
7/4/2018,11:34,979.694,31.53,1.947
7/4/2018,11:35,983.974,31.6,1.555
7/4/2018,11:36,989.732,31.65,2.411
7/4/2018,11:37,991.356,31.65,2.047
7/4/2018,11:38,988.917,31.6,1.687
7/4/2018,11:39,985.129,31.59,1.919
7/4/2018,11:40,979.795,31.59,1.4
7/4/2018,11:41,991.992,31.65,2.711
7/4/2018,11:42,992.374,31.61,2.359
7/4/2018,11:43,990.1,31.54,2.507
7/4/2018,11:44,994.081,31.59,2.376
7/4/2018,11:45,1003.53,31.65,1.944
7/4/2018,11:46,1004.52,31.69,2.14
7/4/2018,11:47,1012.04,31.66,2.336
7/4/2018,11:48,1002.76,31.65,1.697
7/4/2018,11:49,999.996,31.75,1.78
7/4/2018,11:50,1004.01,31.88,2.04
7/4/2018,11:51,1023.36,31.97,2.247
7/4/2018,11:52,1031.06,32.03,1.491
7/4/2018,11:53,1009.9,32.15,1.782
7/4/2018,11:54,1008.35,32.29,2.084
7/4/2018,11:55,1018.41,32.31,2.06
7/4/2018,11:56,1023.17,32.31,1.818
7/4/2018,11:57,1028.71,32.33,2.408
7/4/2018,11:58,1008.18,32.39,2.501
7/4/2018,11:59,1037.04,32.47,2.437
7/4/2018,12:00,1059.83,32.5,2.277
7/4/2018,12:01,1046.64,32.5,1.975
7/4/2018,12:02,1014.79,32.53,2.159
7/4/2018,12:03,1017.95,32.52,2.558
7/4/2018,12:04,1010.5,32.5,3.089
7/4/2018,12:05,996.087,32.49,2.798
7/4/2018,12:06,998.104,32.44,2.478
7/4/2018,12:07,987.725,32.36,2.909
7/4/2018,12:08,1000.43,32.28,2.705
7/4/2018,12:09,993.922,32.2,2.448
7/4/2018,12:10,986.047,32.13,2.079
7/4/2018,12:11,1006.14,32.13,2.439
7/4/2018,12:12,1002.28,32.09,2.76
7/4/2018,12:13,983.819,32.03,2.844
7/4/2018,12:14,979.309,32.03,2.911
7/4/2018,12:15,984.264,32,2.991
7/4/2018,12:16,982.928,31.94,2.947
7/4/2018,12:17,994.133,31.92,2.561
7/4/2018,12:18,996.314,31.92,2.644
7/4/2018,12:19,992.227,31.95,2.901
7/4/2018,12:20,990.838,31.91,2.349
7/4/2018,12:21,999.897,31.89,2.661
7/4/2018,12:22,1011.88,31.86,2.868
7/4/2018,12:23,1017.53,31.77,3.389
7/4/2018,12:24,1010.9,31.65,3.399
7/4/2018,12:25,1010.79,31.58,2.301
7/4/2018,12:26,1008.05,31.63,2.765
7/4/2018,12:27,1015.26,31.72,2.656
7/4/2018,12:28,1010.12,31.86,1.975
7/4/2018,12:29,1010.86,32.03,2.267
7/4/2018,12:30,1005.43,32.17,3.143
7/4/2018,12:31,1002.36,32.18,3.072
7/4/2018,12:32,999.78,32.1,2.906
7/4/2018,12:33,1007.15,32.03,2.613
7/4/2018,12:34,1010.61,32.01,2.254
7/4/2018,12:35,1016.57,32.05,3.067
7/4/2018,12:36,1024.56,32.04,3.022
7/4/2018,12:37,1008.58,32.02,2.729
7/4/2018,12:38,1001.82,32.02,2.847
7/4/2018,12:39,1009.08,32.03,2.697
7/4/2018,12:40,1011.11,32.06,3.706
7/4/2018,12:41,1004.23,31.97,2.757
7/4/2018,12:42,998.437,31.97,2.969
7/4/2018,12:43,1005.71,31.96,3.157
7/4/2018,12:44,997.587,31.9,2.189
7/4/2018,12:45,993.758,32.03,2.723
7/4/2018,12:46,991.706,32.11,3.435
7/4/2018,12:47,997.065,32.09,2.723
7/4/2018,12:48,997.757,32.12,3.401
7/4/2018,12:49,1002.11,32.09,2.911
7/4/2018,12:50,1000.81,32.07,3.528
7/4/2018,12:51,1000.36,32.02,2.92
7/4/2018,12:52,998.792,32.01,3.683
7/4/2018,12:53,991.47,31.91,3.183
7/4/2018,12:54,983.919,31.78,3.592
7/4/2018,12:55,977.125,31.65,3.339
7/4/2018,12:56,975.318,31.57,3.53
7/4/2018,12:57,972.2,31.48,3.107
7/4/2018,12:58,977.767,31.42,3.174
7/4/2018,12:59,978.6,31.39,3.015
7/4/2018,13:00,975.173,31.39,3.105
7/4/2018,13:01,980.356,31.43,2.922
7/4/2018,13:02,984.87,31.55,2.778
7/4/2018,13:03,986.385,31.67,3.012
7/4/2018,13:04,987.467,31.77,3.388
7/4/2018,13:05,986.39,31.78,2.911
7/4/2018,13:06,984.905,31.88,3.097
7/4/2018,13:07,981.117,31.96,2.986
7/4/2018,13:08,976.132,32.01,2.834
7/4/2018,13:09,974.68,32.01,2.512
7/4/2018,13:10,968.89,32,2.574
7/4/2018,13:11,973.766,32.06,2.708
7/4/2018,13:12,984.369,32.02,2.264
7/4/2018,13:13,983.627,32.02,2.804
7/4/2018,13:14,985.082,32.07,3.107
7/4/2018,13:15,988.519,32.06,3.236
7/4/2018,13:16,992.665,32.03,3.394
7/4/2018,13:17,994.419,32.07,3.404
7/4/2018,13:18,992.77,31.99,3.152
7/4/2018,13:19,991.987,31.92,3.12
7/4/2018,13:20,989.521,31.95,3.486
7/4/2018,13:21,979.164,31.94,3.16
7/4/2018,13:22,976.733,31.96,2.795
7/4/2018,13:23,965.489,32.05,2.917
7/4/2018,13:24,959.568,32.1,2.604
7/4/2018,13:25,961.135,32.09,2.809
7/4/2018,13:26,966.068,32.09,2.313
7/4/2018,13:27,966.973,32.14,2.911
7/4/2018,13:28,963.347,32.18,3.458
7/4/2018,13:29,965.143,32.21,2.525
7/4/2018,13:30,966.553,32.27,2.991
7/4/2018,13:31,971.64,32.34,2.708
7/4/2018,13:32,977.551,32.33,2.23
7/4/2018,13:33,978.177,32.31,2.981
7/4/2018,13:34,974.294,32.3,3.719
7/4/2018,13:35,970.112,32.15,3.838
7/4/2018,13:36,967.49,32.03,3.837
7/4/2018,13:37,961.797,31.95,3.361
7/4/2018,13:38,950.253,31.93,2.492
7/4/2018,13:39,926.129,31.99,3.479
7/4/2018,13:40,951.839,31.99,2.795
7/4/2018,13:41,935.753,31.93,3.502
7/4/2018,13:42,887.841,31.88,3.242
7/4/2018,13:43,911.769,31.91,2.902
7/4/2018,13:44,947.873,32.01,3.157
7/4/2018,13:45,899.183,32.06,3.11
7/4/2018,13:46,921.88,31.98,2.914
7/4/2018,13:47,956.26,31.91,3.082
7/4/2018,13:48,945.409,31.88,2.94
7/4/2018,13:49,955.111,31.91,2.417
7/4/2018,13:50,963.243,32.05,2.169
7/4/2018,13:51,964.188,32.22,3.012
7/4/2018,13:52,957.553,32.34,2.502
7/4/2018,13:53,952.828,32.48,3.105
7/4/2018,13:54,946.099,32.47,3.404
7/4/2018,13:55,934.386,32.4,2.927
7/4/2018,13:56,942.529,32.38,2.845
7/4/2018,13:57,961.723,32.44,2.434
7/4/2018,13:58,969.568,32.47,3.174
7/4/2018,13:59,968.398,32.45,2.672
7/4/2018,14:00,978.483,32.56,2.18
7/4/2018,14:01,792.233,32.66,3.206
7/4/2018,14:02,643.424,32.62,3.198
7/4/2018,14:03,761.482,32.48,2.981
7/4/2018,14:04,828.841,32.33,2.236
7/4/2018,14:05,904.593,32.31,2.326
7/4/2018,14:06,894.044,32.36,2.478
7/4/2018,14:07,859.1,32.49,2.55
7/4/2018,14:08,872.268,32.57,3.371
7/4/2018,14:09,872.257,32.57,2.986
7/4/2018,14:10,875.781,32.51,2.808
7/4/2018,14:11,845.103,32.5,2.835
7/4/2018,14:12,894.474,32.5,2.577
7/4/2018,14:13,924.189,32.47,2.481
7/4/2018,14:14,950.76,32.59,2.541
7/4/2018,14:15,898.991,32.71,2.834
7/4/2018,14:16,883.955,32.72,2.844
7/4/2018,14:17,815.378,32.71,2.427
7/4/2018,14:18,838.212,32.68,2.306
7/4/2018,14:19,871.375,32.69,1.829
7/4/2018,14:20,811.34,32.74,2.172
7/4/2018,14:21,773.457,32.86,2.081
7/4/2018,14:22,761.451,32.99,2.639
7/4/2018,14:23,782.249,33.05,2.19
7/4/2018,14:24,763.659,33.13,2.399
7/4/2018,14:25,743.482,33.23,2.718
7/4/2018,14:26,732.543,33.24,2.793
7/4/2018,14:27,769.697,33.2,3.133
7/4/2018,14:28,804.336,33.1,2.953
7/4/2018,14:29,910.138,32.99,2.497
7/4/2018,14:30,814.074,32.99,2.47
7/4/2018,14:31,936.237,32.96,3
7/4/2018,14:32,977.547,32.85,3.316
7/4/2018,14:33,957.767,32.66,3.116
7/4/2018,14:34,931.133,32.57,3.412
7/4/2018,14:35,921.502,32.56,3.327
7/4/2018,14:36,903.91,32.48,2.594
7/4/2018,14:37,917.258,32.47,2.331
7/4/2018,14:38,918.671,32.61,3.139
7/4/2018,14:39,874.532,32.63,3.165
7/4/2018,14:40,824.779,32.58,2.501
7/4/2018,14:41,829.337,32.57,2.906
7/4/2018,14:42,809.342,32.51,2.622
7/4/2018,14:43,819.375,32.62,2.205
7/4/2018,14:44,846.298,32.72,3.352
7/4/2018,14:45,885.208,32.73,3.08
7/4/2018,14:46,795.938,32.69,2.929
7/4/2018,14:47,840.657,32.7,2.555
7/4/2018,14:48,799.076,32.68,2.675
7/4/2018,14:49,811.033,32.7,1.945
7/4/2018,14:50,856.551,32.83,3.147
7/4/2018,14:51,742.451,32.88,2.264
7/4/2018,14:52,723.436,32.87,3.188
7/4/2018,14:53,768.5,32.87,2.654
7/4/2018,14:54,816.05,32.83,2.427
7/4/2018,14:55,821.818,32.85,3.036
7/4/2018,14:56,823.09,32.85,3.113
7/4/2018,14:57,831.45,32.75,2.54
7/4/2018,14:58,796.321,32.74,2.357
7/4/2018,14:59,784.73,32.73,2.71
7/4/2018,15:00,752.942,32.71,3.324
7/4/2018,15:01,802.312,32.66,3.415
7/4/2018,15:02,794.14,32.58,3.174
7/4/2018,15:03,795.312,32.51,2.238
7/4/2018,15:04,794.462,32.5,3.206
7/4/2018,15:05,790.646,32.42,2.764
7/4/2018,15:06,817.468,32.46,3.368
7/4/2018,15:07,832.768,32.39,3.456
7/4/2018,15:08,830.239,32.28,2.871
7/4/2018,15:09,831.164,32.18,2.537
7/4/2018,15:10,816.68,32.19,3.087
7/4/2018,15:11,799.848,32.24,2.734
7/4/2018,15:12,780.774,32.31,3.014
7/4/2018,15:13,766.12,32.34,2.411
7/4/2018,15:14,778.77,32.39,2.636
7/4/2018,15:15,735.047,32.46,2.582
7/4/2018,15:16,704.899,32.51,2.801
7/4/2018,15:17,679.173,32.51,2.296
7/4/2018,15:18,663.245,32.59,3.102
7/4/2018,15:19,697.106,32.69,2.826
7/4/2018,15:20,720.376,32.77,2.734
7/4/2018,15:21,734.548,32.81,3.188
7/4/2018,15:22,751.456,32.81,2.192
7/4/2018,15:23,771.245,32.91,2.359
7/4/2018,15:24,785.03,32.98,2.589
7/4/2018,15:25,771.758,33.03,2.564
7/4/2018,15:26,782.001,33.14,2.857
7/4/2018,15:27,791.465,33.18,3.157
7/4/2018,15:28,787.868,33.13,2.739
7/4/2018,15:29,793.079,33.22,2.643
7/4/2018,15:30,809.6,33.29,2.85
7/4/2018,15:31,819.671,33.29,3.08
7/4/2018,15:32,806.979,33.15,2.982
7/4/2018,15:33,805.535,33.01,2.509
7/4/2018,15:34,799.465,33,2.427
7/4/2018,15:35,791.117,33,2.796
7/4/2018,15:36,779.757,33.02,2.257
7/4/2018,15:37,796.524,33.07,3.002
7/4/2018,15:38,795.133,33.01,2.76
7/4/2018,15:39,809.223,32.94,3.074
7/4/2018,15:40,786.108,32.99,2.834
7/4/2018,15:41,741.173,33.06,3.182
7/4/2018,15:42,746.4,33.11,3.477
7/4/2018,15:43,750.028,33.06,3.417
7/4/2018,15:44,783.699,33.02,2.984
7/4/2018,15:45,665.718,33,3.035
7/4/2018,15:46,535.905,32.91,2.991
7/4/2018,15:47,602.485,32.83,2.889
7/4/2018,15:48,686.953,32.82,3.254
7/4/2018,15:49,608.98,32.82,2.909
7/4/2018,15:50,467.316,32.84,2.506
7/4/2018,15:51,394.956,32.88,2.754
7/4/2018,15:52,366.636,32.88,3.312
7/4/2018,15:53,357.035,32.77,3.296
7/4/2018,15:54,359.257,32.54,2.752
7/4/2018,15:55,366.39,32.38,2.659
7/4/2018,15:56,414.303,32.25,2.751
7/4/2018,15:57,476.951,32.18,2.734
7/4/2018,15:58,521.296,32.2,2.809
7/4/2018,15:59,581.911,32.23,2.125
7/4/2018,16:00,595.62,32.26,2.122
7/4/2018,16:01,574.904,32.21,2.878
7/4/2018,16:02,470.062,32.15,3.045
7/4/2018,16:03,372.387,32.1,2.475
7/4/2018,16:04,366.299,32.1,2.479
7/4/2018,16:05,562.42,32.09,2.77
7/4/2018,16:06,573.151,32.01,2.842
7/4/2018,16:07,570.388,31.88,3.01
7/4/2018,16:08,560.063,31.83,3.139
7/4/2018,16:09,514.025,31.87,3.095
7/4/2018,16:10,458.572,31.87,3.213
7/4/2018,16:11,494.28,31.8,3.175
7/4/2018,16:12,503.934,31.72,2.726
7/4/2018,16:13,430.013,31.67,3.084
7/4/2018,16:14,354.868,31.6,3.267
7/4/2018,16:15,318.184,31.49,2.53
7/4/2018,16:16,305.48,31.46,2.651
7/4/2018,16:17,308.623,31.44,3.51
7/4/2018,16:18,324.855,31.35,3.433
7/4/2018,16:19,361.245,31.22,3.067
7/4/2018,16:20,448.979,31.19,3.428
7/4/2018,16:21,551.813,31.14,3.082
7/4/2018,16:22,466.716,31.12,3.118
7/4/2018,16:23,426.075,31.19,3.304
7/4/2018,16:24,465.353,31.2,2.907
7/4/2018,16:25,481.464,31.3,3.293
7/4/2018,16:26,391.505,31.37,3.312
7/4/2018,16:27,369.016,31.36,2.502
7/4/2018,16:28,371.116,31.42,2.411
7/4/2018,16:29,392.179,31.48,2.579
7/4/2018,16:30,423.911,31.48,3.334
7/4/2018,16:31,465.662,31.41,3.445
7/4/2018,16:32,413.897,31.33,3.639
7/4/2018,16:33,398.469,31.24,3.02
7/4/2018,16:34,291.337,31.21,2.801
7/4/2018,16:35,255.738,31.23,2.858
7/4/2018,16:36,235.028,31.23,3.695
7/4/2018,16:37,220.912,31.15,3.043
7/4/2018,16:38,210.689,31.08,3.708
7/4/2018,16:39,207.711,30.99,3.535
7/4/2018,16:40,211.264,30.88,3.703
7/4/2018,16:41,218.708,30.76,3.422
7/4/2018,16:42,228.903,30.61,3.51
7/4/2018,16:43,234.601,30.49,3.517
7/4/2018,16:44,235.861,30.37,3.554
7/4/2018,16:45,230.681,30.23,3.2
7/4/2018,16:46,219.803,30.15,3.466
7/4/2018,16:47,203.824,30.07,3.156
7/4/2018,16:48,195.964,30.02,3.432
7/4/2018,16:49,193.181,29.98,3.721
7/4/2018,16:50,191.213,29.94,3.111
7/4/2018,16:51,191.422,29.9,2.783
7/4/2018,16:52,194.164,29.9,3.884
7/4/2018,16:53,198.575,29.9,3.923
7/4/2018,16:54,205.115,29.88,3.391
7/4/2018,16:55,214.682,29.81,3.084
7/4/2018,16:56,225.801,29.74,3.29
7/4/2018,16:57,234.381,29.72,2.62
7/4/2018,16:58,238.542,29.77,3.624
7/4/2018,16:59,240.116,29.77,2.929
7/4/2018,17:00,247.952,29.78,3.097
7/4/2018,17:01,265.268,29.79,3.66
7/4/2018,17:02,291.868,29.75,3.445
7/4/2018,17:03,279.381,29.72,2.858
7/4/2018,17:04,240.988,29.79,3.061
7/4/2018,17:05,234.288,29.83,2.793
7/4/2018,17:06,251.218,29.89,3.319
7/4/2018,17:07,244.489,29.89,2.999
7/4/2018,17:08,241.437,29.91,2.831
7/4/2018,17:09,215.171,29.99,3.077
7/4/2018,17:10,191.869,29.98,3.059
7/4/2018,17:11,173.095,29.93,3.123
7/4/2018,17:12,158.215,29.88,3.061
7/4/2018,17:13,148.467,29.84,2.862
7/4/2018,17:14,141.76,29.82,2.63
7/4/2018,17:15,135.264,29.81,3.156
7/4/2018,17:16,129.479,29.81,3.094
7/4/2018,17:17,123.734,29.8,2.904
7/4/2018,17:18,116.404,29.75,2.259
7/4/2018,17:19,109.304,29.72,2.767
7/4/2018,17:20,105.775,29.64,2.909
7/4/2018,17:21,105.629,29.58,3.499
7/4/2018,17:22,107.882,29.53,3.451
7/4/2018,17:23,112.428,29.47,3.383
7/4/2018,17:24,119.42,29.4,3.314
7/4/2018,17:25,126.588,29.35,3.149
7/4/2018,17:26,131.739,29.35,2.623
7/4/2018,17:27,135.089,29.35,2.321
7/4/2018,17:28,137.87,29.36,2.721
7/4/2018,17:29,140.03,29.37,3.218
7/4/2018,17:30,142.276,29.32,3.445
7/4/2018,17:31,145.062,29.31,3.391
7/4/2018,17:32,147.925,29.33,3
7/4/2018,17:33,149.071,29.36,2.682
7/4/2018,17:34,146.685,29.43,3.213
7/4/2018,17:35,143.501,29.4,3.027
7/4/2018,17:36,143.133,29.39,2.635
7/4/2018,17:37,145.722,29.39,2.607
7/4/2018,17:38,150.393,29.39,2.933
7/4/2018,17:39,157.896,29.34,3.298
7/4/2018,17:40,164.861,29.29,2.726
7/4/2018,17:41,161.867,29.32,3.159
7/4/2018,17:42,162.437,29.33,3.051
7/4/2018,17:43,164.434,29.37,2.55
7/4/2018,17:44,163.118,29.38,3.487
7/4/2018,17:45,158.814,29.37,2.791
7/4/2018,17:46,157.8,29.39,2.716
7/4/2018,17:47,160.12,29.44,2.363
7/4/2018,17:48,164.863,29.46,2.586
7/4/2018,17:49,172.508,29.46,3.095
7/4/2018,17:50,181.714,29.44,3.149
7/4/2018,17:51,182.504,29.47,2.594
7/4/2018,17:52,177.407,29.5,2.406
7/4/2018,17:53,172.562,29.54,2.345
7/4/2018,17:54,168.768,29.56,2.796
7/4/2018,17:55,163.894,29.57,3.082
7/4/2018,17:56,160.674,29.6,2.951
7/4/2018,17:57,156.814,29.62,3.195
7/4/2018,17:58,152.544,29.58,2.453
7/4/2018,17:59,147.235,29.54,3.345
7/4/2018,18:00,142.219,29.5,2.573
7/4/2018,18:01,138.817,29.47,2.548
7/4/2018,18:02,137.251,29.42,3.309
7/4/2018,18:03,137.005,29.34,3.843
7/4/2018,18:04,136.448,29.29,3.167
7/4/2018,18:05,136.155,29.22,2.777
7/4/2018,18:06,134.366,29.16,2.608
7/4/2018,18:07,130.794,29.11,3.306
7/4/2018,18:08,126.065,29.07,2.876
7/4/2018,18:09,119.694,29.06,2.458
7/4/2018,18:10,113.599,29.06,2.762
7/4/2018,18:11,108.952,29.06,2.889
7/4/2018,18:12,102.992,29.02,2.205
7/4/2018,18:13,97.8465,28.98,2.907
7/4/2018,18:14,93.4993,28.94,2.788
7/4/2018,18:15,88.5771,28.94,2.925
7/4/2018,18:16,83.4789,28.92,2.997
7/4/2018,18:17,79.2665,28.87,2.239
7/4/2018,18:18,75.7991,28.83,3.307
7/4/2018,18:19,71.9564,28.8,2.956
7/4/2018,18:20,67.8319,28.76,2.777
7/4/2018,18:21,65.0568,28.64,2.657
7/4/2018,18:22,63.2146,28.5,3.027
7/4/2018,18:23,61.6247,28.44,2.555
7/4/2018,18:24,59.6241,28.41,2.058
7/4/2018,18:25,56.8137,28.36,2.06
7/4/2018,18:26,52.8654,28.33,2.8
7/4/2018,18:27,48.9816,28.33,2.6
7/4/2018,18:28,46.236,28.28,2.411
7/4/2018,18:29,44.4176,28.24,2.31
7/4/2018,18:30,42.4583,28.22,1.774
7/4/2018,18:31,39.208,28.22,2.033
7/4/2018,18:32,35.6056,28.21,1.967
7/4/2018,18:33,32.3612,28.18,2.659
7/4/2018,18:34,29.7855,28.09,2.692
7/4/2018,18:35,27.6206,28.03,2.296
7/4/2018,18:36,25.8255,28.02,2.105
7/4/2018,18:37,24.5467,28.01,2.829
7/4/2018,18:38,23.6845,27.97,2.249
7/4/2018,18:39,22.7049,27.96,2.468
7/4/2018,18:40,21.5314,27.94,2.453
7/4/2018,18:41,20.3054,27.9,2.39
7/4/2018,18:42,18.9854,27.89,2.608
7/4/2018,18:43,17.6771,27.88,2.628
7/4/2018,18:44,16.3158,27.87,2.88
7/4/2018,18:45,14.8487,27.86,3.182
7/4/2018,18:46,13.3287,27.86,2.865
7/4/2018,18:47,11.8501,27.85,2.963
7/4/2018,18:48,10.5238,27.84,3.005
7/4/2018,18:49,9.37938,27.84,2.804
7/4/2018,18:50,8.27606,27.85,2.587
7/4/2018,18:51,7.07291,27.85,2.05
7/4/2018,18:52,5.78752,27.83,2.247
7/4/2018,18:53,4.53731,27.79,2.189
7/4/2018,18:54,3.63342,27.78,2.174
7/4/2018,18:55,3.24603,27.76,2.401
7/4/2018,18:56,2.73537,27.74,2.545
7/4/2018,18:57,2.35385,27.73,2.524
7/4/2018,18:58,2.0721,27.73,2.581
7/4/2018,18:59,1.761,27.73,2.249
7/4/2018,19:00,1.5086,27.74,2.293
7/4/2018,19:01,1.40881,27.76,2.164
7/4/2018,19:02,1.10357,27.77,2.561
7/4/2018,19:03,0.786592,27.78,2.956
7/4/2018,19:04,0.410907,27.77,2.769
7/4/2018,19:05,0.02348,27.74,2.306
7/4/2018,19:06,-0.117403,27.73,2.226
7/4/2018,19:07,-0.352208,27.73,2.489
7/4/2018,19:08,-0.551794,27.72,2.442
7/4/2018,19:09,-0.704419,27.72,2.515
7/4/2018,19:10,-0.70442,27.72,2.269
7/4/2018,19:11,-0.704421,27.71,2.194
7/4/2018,19:12,-0.962709,27.72,2.195
7/4/2018,19:13,-1.05663,27.72,2.404
7/4/2018,19:14,-0.892268,27.71,2.452
7/4/2018,19:15,-0.704423,27.7,2.319
7/4/2018,19:16,-0.704423,27.67,2.894
7/4/2018,19:17,-0.704423,27.65,2.602
7/4/2018,19:18,-0.704424,27.64,2.527
7/4/2018,19:19,-0.927491,27.65,2.195
7/4/2018,19:20,-1.05664,27.66,2.133
7/4/2018,19:21,-1.221,27.66,2.68
7/4/2018,19:22,-1.37951,27.66,1.833
7/4/2018,19:23,-1.40886,27.68,2.432
7/4/2018,19:24,-1.40886,27.7,2.149
7/4/2018,19:25,-1.40887,27.7,2.223
7/4/2018,19:26,-1.40887,27.7,2.202
7/4/2018,19:27,-1.40887,27.7,2.272
7/4/2018,19:28,-1.40887,27.7,2.504
7/4/2018,19:29,-1.40888,27.7,2.604
7/4/2018,19:30,-1.40889,27.69,2.411
7/4/2018,19:31,-1.40889,27.65,2.123
7/4/2018,19:32,-1.40888,27.63,2.105
7/4/2018,19:33,-1.40889,27.63,1.41
7/4/2018,19:34,-1.4089,27.63,1.94
7/4/2018,19:35,-1.40891,27.63,2.631
7/4/2018,19:36,-1.40893,27.59,2.478
7/4/2018,19:37,-1.40894,27.57,1.8
7/4/2018,19:38,-1.40894,27.57,2.05
7/4/2018,19:39,-1.40893,27.57,1.945
7/4/2018,19:40,-1.40892,27.57,2.149
7/4/2018,19:41,-1.40894,27.57,1.98
7/4/2018,19:42,-1.40896,27.57,2.04
7/4/2018,19:43,-1.40899,27.57,1.733
7/4/2018,19:44,-1.409,27.57,1.527
7/4/2018,19:45,-1.40902,27.57,1.72
7/4/2018,19:46,-1.40903,27.57,1.134
7/4/2018,19:47,-1.40905,27.57,1.821
7/4/2018,19:48,-1.40907,27.57,1.537
7/4/2018,19:49,-1.40909,27.57,1.622
7/4/2018,19:50,-1.40911,27.57,1.833
7/4/2018,19:51,-1.40913,27.57,1.339
7/4/2018,19:52,-1.40915,27.57,1.697
7/4/2018,19:53,-1.40916,27.54,1.793
7/4/2018,19:54,-1.40919,27.51,1.347
7/4/2018,19:55,-1.40921,27.51,1.775
7/4/2018,19:56,-1.40922,27.5,1.583
7/4/2018,19:57,-1.67346,27.48,1.591
7/4/2018,19:58,-1.76156,27.47,1.264
7/4/2018,19:59,-1.76157,27.48,1.091
7/4/2018,20:00,-1.81442,27.48,1.085
7/4/2018,20:01,-2.10805,27.48,1.142
7/4/2018,20:02,-2.11394,27.48,1.986
7/4/2018,20:03,-2.11396,27.49,1.767
7/4/2018,20:04,-2.11398,27.51,2.084
7/4/2018,20:05,-2.11398,27.51,2.114
7/4/2018,20:06,-2.11398,27.51,2.115
7/4/2018,20:07,-2.114,27.49,1.798
7/4/2018,20:08,-2.11402,27.46,1.653
7/4/2018,20:09,-2.11403,27.45,1.259
7/4/2018,20:10,-2.11404,27.43,1.824
7/4/2018,20:11,-2.11403,27.41,2.388
7/4/2018,20:12,-2.11402,27.4,1.813
7/4/2018,20:13,-2.11402,27.4,1.829
7/4/2018,20:14,-2.11403,27.43,2.066
7/4/2018,20:15,-2.11405,27.43,1.95
7/4/2018,20:16,-1.88503,27.41,2.042
7/4/2018,20:17,-1.76759,27.39,1.844
7/4/2018,20:18,-1.76173,27.39,2.212
7/4/2018,20:19,-1.76173,27.39,2.298
7/4/2018,20:20,-1.76174,27.39,2.229
7/4/2018,20:21,-1.74999,27.39,2.546
7/4/2018,20:22,-1.75,27.39,2.999
7/4/2018,20:23,-1.74999,27.36,2.473
7/4/2018,20:24,-1.75585,27.33,2.112
7/4/2018,20:25,-1.76173,27.33,2.631
7/4/2018,20:26,-1.76172,27.33,2.334
7/4/2018,20:27,-1.76171,27.33,2.368
7/4/2018,20:28,-1.94374,27.33,2.448
7/4/2018,20:29,-2.11403,27.33,2.586
7/4/2018,20:30,-2.11402,27.33,2.365
7/4/2018,20:31,-2.11402,27.33,2.259
7/4/2018,20:32,-2.11403,27.32,2.414
7/4/2018,20:33,-2.11402,27.31,2.424
7/4/2018,20:34,-2.11402,27.28,2.53
7/4/2018,20:35,-2.11404,27.27,2.435
7/4/2018,20:36,-2.11402,27.26,2.339
7/4/2018,20:37,-2.21386,27.24,2.159
7/4/2018,20:38,-2.22561,27.22,2.398
7/4/2018,20:39,-2.40176,27.21,1.679
7/4/2018,20:40,-2.46637,27.22,1.935
7/4/2018,20:41,-2.46638,27.22,2.301
7/4/2018,20:42,-2.46639,27.21,2.189
7/4/2018,20:43,-2.4664,27.21,2.038
7/4/2018,20:44,-2.46639,27.2,1.705
7/4/2018,20:45,-2.46638,27.2,1.793
7/4/2018,20:46,-2.34307,27.17,2.176
7/4/2018,20:47,-2.11405,27.15,1.808
7/4/2018,20:48,-2.11406,27.15,1.851
7/4/2018,20:49,-2.11406,27.15,1.691
7/4/2018,20:50,-2.03773,27.15,1.228
7/4/2018,20:51,-1.79109,27.16,1.207
7/4/2018,20:52,-1.76173,27.2,1.558
7/4/2018,20:53,-1.76173,27.2,2.326
7/4/2018,20:54,-1.62665,27.2,2.347
7/4/2018,20:55,-1.40937,27.21,2.443
7/4/2018,20:56,-1.40937,27.21,2.122
7/4/2018,20:57,-1.40938,27.2,1.802
7/4/2018,20:58,-1.40937,27.17,1.215
7/4/2018,20:59,-1.40936,27.19,1.506
7/4/2018,21:00,-1.40937,27.2,2.135
7/4/2018,21:01,-1.40938,27.18,1.785
7/4/2018,21:02,-1.40938,27.18,1.628
7/4/2018,21:03,-1.40938,27.2,1.934
7/4/2018,21:04,-1.5092,27.17,1.749
7/4/2018,21:05,-1.7617,27.16,1.774
7/4/2018,21:06,-1.8674,27.14,1.815
7/4/2018,21:07,-2.11402,27.12,1.544
7/4/2018,21:08,-2.11402,27.11,1.604
7/4/2018,21:09,-2.11401,27.1,1.46
7/4/2018,21:10,-2.14336,27.1,1.289
7/4/2018,21:11,-2.44286,27.1,1.628
7/4/2018,21:12,-2.46635,27.09,1.908
7/4/2018,21:13,-2.46634,27.08,1.715
7/4/2018,21:14,-2.46636,27.08,1.686
7/4/2018,21:15,-2.46638,27.06,1.341
7/4/2018,21:16,-2.46638,27.04,1.681
7/4/2018,21:17,-2.44875,27.02,1.292
7/4/2018,21:18,-2.13166,26.98,1.215
7/4/2018,21:19,-2.11404,26.96,1.155
7/4/2018,21:20,-2.11403,26.95,1.034
7/4/2018,21:21,-2.11404,26.96,1.044
7/4/2018,21:22,-2.11407,26.96,0.955
7/4/2018,21:23,-2.09059,26.96,1.602
7/4/2018,21:24,-1.99661,26.96,1.501
7/4/2018,21:25,-1.93787,26.95,1.29
7/4/2018,21:26,-1.77933,26.91,1.018
7/4/2018,21:27,-1.76173,26.91,1.122
7/4/2018,21:28,-1.76174,26.91,1.521
7/4/2018,21:29,-1.84981,26.94,1.615
7/4/2018,21:30,-2.06121,26.93,1.446
7/4/2018,21:31,-2.11404,26.94,1.341
7/4/2018,21:32,-2.11406,26.92,1.078
7/4/2018,21:33,-2.11406,26.92,1.228
7/4/2018,21:34,-2.11407,26.93,0.751
7/4/2018,21:35,-2.11405,26.94,1.145
7/4/2018,21:36,-2.05532,26.91,1.047
7/4/2018,21:37,-1.81455,26.89,1.312
7/4/2018,21:38,-1.76171,26.88,1.563
7/4/2018,21:39,-1.76169,26.86,1.478
7/4/2018,21:40,-1.76169,26.86,1.223
7/4/2018,21:41,-1.76168,26.88,1.256
7/4/2018,21:42,-1.76167,26.87,0.996
7/4/2018,21:43,-1.76166,26.85,0.929
7/4/2018,21:44,-1.76165,26.85,0.929
7/4/2018,21:45,-1.60897,26.84,0.903
7/4/2018,21:46,-1.41518,26.83,0.825
7/4/2018,21:47,-1.40931,26.83,0.875
7/4/2018,21:48,-1.40932,26.83,0.92
7/4/2018,21:49,-1.40933,26.85,1.463
7/4/2018,21:50,-1.40934,26.85,1.63
7/4/2018,21:51,-1.40934,26.83,1.32
7/4/2018,21:52,-1.40933,26.82,1.194
7/4/2018,21:53,-1.40932,26.79,1.135
7/4/2018,21:54,-1.40932,26.77,1.145
7/4/2018,21:55,-1.40933,26.75,1.169
7/4/2018,21:56,-1.4152,26.73,1.251
7/4/2018,21:57,-1.5033,26.71,1.232
7/4/2018,21:58,-1.53855,26.71,1.171
7/4/2018,21:59,-1.59728,26.71,1.243
7/4/2018,22:00,-1.70886,26.68,1.297
7/4/2018,22:01,-1.7617,26.66,1.3
7/4/2018,22:02,-1.74408,26.65,1.406
7/4/2018,22:03,-1.57377,26.64,1.351
7/4/2018,22:04,-1.41521,26.62,1.351
7/4/2018,22:05,-1.40934,26.6,1.122
7/4/2018,22:06,-1.40935,26.59,1.233
7/4/2018,22:07,-1.40934,26.59,1.225
7/4/2018,22:08,-1.40934,26.59,1.191
7/4/2018,22:09,-1.40935,26.59,1.171
7/4/2018,22:10,-1.40938,26.58,1.107
7/4/2018,22:11,-1.45636,26.57,0.805
7/4/2018,22:12,-1.66189,26.56,1.099
7/4/2018,22:13,-1.76173,26.55,1.053
7/4/2018,22:14,-1.76172,26.54,1.114
7/4/2018,22:15,-1.64428,26.53,1.408
7/4/2018,22:16,-1.4094,26.52,1.07
7/4/2018,22:17,-1.40939,26.5,0.732
7/4/2018,22:18,-1.40939,26.5,0.776
7/4/2018,22:19,-1.40939,26.5,0.671
7/4/2018,22:20,-1.4094,26.51,0.686
7/4/2018,22:21,-1.4094,26.51,0.802
7/4/2018,22:22,-1.4094,26.5,0.805
7/4/2018,22:23,-1.40941,26.5,1.027
7/4/2018,22:24,-1.40939,26.5,0.805
7/4/2018,22:25,-1.4094,26.5,0.977
7/4/2018,22:26,-1.40941,26.5,0.875
7/4/2018,22:27,-1.40942,26.5,0.831
7/4/2018,22:28,-1.4094,26.49,0.763
7/4/2018,22:29,-1.4094,26.48,0.719
7/4/2018,22:30,-1.40941,26.48,0.924
7/4/2018,22:31,-1.40941,26.47,0.869
7/4/2018,22:32,-1.41526,26.47,0.934
7/4/2018,22:33,-1.49747,26.47,0.892
7/4/2018,22:34,-1.73239,26.45,0.923
7/4/2018,22:35,-1.76175,26.43,0.831
7/4/2018,22:36,-1.76761,26.42,0.817
7/4/2018,22:37,-2.03772,26.41,0.817
7/4/2018,22:38,-2.11404,26.4,0.746
7/4/2018,22:39,-2.11407,26.4,0.777
7/4/2018,22:40,-2.11409,26.4,0.727
7/4/2018,22:41,-2.11411,26.4,0.642
7/4/2018,22:42,-2.1141,26.4,0.586
7/4/2018,22:43,-2.11409,26.39,0.591
7/4/2018,22:44,-2.11407,26.37,0.573
7/4/2018,22:45,-2.11995,26.36,0.539
7/4/2018,22:46,-2.15518,26.35,0.464
7/4/2018,22:47,-2.26089,26.34,0.495
7/4/2018,22:48,-2.46643,26.34,0.359
7/4/2018,22:49,-2.46643,26.33,0.131
7/4/2018,22:50,-2.46644,26.33,0.183
7/4/2018,22:51,-2.46646,26.32,0.054
7/4/2018,22:52,-2.46646,26.32,0.082
7/4/2018,22:53,-2.33139,26.33,0.065
7/4/2018,22:54,-2.19632,26.33,0
7/4/2018,22:55,-2.1141,26.34,0
7/4/2018,22:56,-2.11409,26.34,0
7/4/2018,22:57,-2.11409,26.33,0
7/4/2018,22:58,-2.11409,26.31,0
7/4/2018,22:59,-1.90268,26.29,0
7/4/2018,23:00,-1.76174,26.29,0
7/4/2018,23:01,-1.65604,26.29,0.276
7/4/2018,23:02,-1.40939,26.29,0.485
7/4/2018,23:03,-1.40941,26.3,0.697
7/4/2018,23:04,-1.40941,26.33,0.608
7/4/2018,23:05,-1.40941,26.34,0.642
7/4/2018,23:06,-1.4094,26.34,0.637
7/4/2018,23:07,-1.4094,26.35,1
7/4/2018,23:08,-1.39179,26.36,1.387
7/4/2018,23:09,-1.22149,26.36,0.862
7/4/2018,23:10,-1.10405,26.35,0.572
7/4/2018,23:11,-1.19215,26.35,0.599
7/4/2018,23:12,-1.38008,26.34,0.732
7/4/2018,23:13,-1.40943,26.33,1.014
7/4/2018,23:14,-1.40944,26.33,0.769
7/4/2018,23:15,-1.40944,26.33,0.822
7/4/2018,23:16,-1.40945,26.33,1.075
7/4/2018,23:17,-1.33309,26.33,0.792
7/4/2018,23:18,-1.10992,26.33,0.875
7/4/2018,23:19,-1.05706,26.33,0.972
7/4/2018,23:20,-1.05705,26.34,0.921
7/4/2018,23:21,-1.05706,26.36,0.434
7/4/2018,23:22,-1.05707,26.38,0.41
7/4/2018,23:23,-1.07469,26.39,0.451
7/4/2018,23:24,-1.32722,26.39,0.588
7/4/2018,23:25,-1.40945,26.39,0.531
7/4/2018,23:26,-1.40945,26.39,0.523
7/4/2018,23:27,-1.40944,26.39,0.5
7/4/2018,23:28,-1.40944,26.39,0.642
7/4/2018,23:29,-1.40944,26.39,0.737
7/4/2018,23:30,-1.40944,26.39,0.737
7/4/2018,23:31,-1.41532,26.39,0.977
7/4/2018,23:32,-1.40945,26.39,1.114
7/4/2018,23:33,-1.40945,26.39,1.067
7/4/2018,23:34,-1.40946,26.38,1.414
7/4/2018,23:35,-1.40945,26.35,1.348
7/4/2018,23:36,-1.40945,26.34,1.005
7/4/2018,23:37,-1.40945,26.33,0.862
7/4/2018,23:38,-1.40946,26.33,1.142
7/4/2018,23:39,-1.40945,26.32,1.109
7/4/2018,23:40,-1.40944,26.31,1.178
7/4/2018,23:41,-1.40943,26.31,1.462
7/4/2018,23:42,-1.32721,26.3,1.328
7/4/2018,23:43,-1.06882,26.31,1.392
7/4/2018,23:44,-1.05709,26.33,1.029
7/4/2018,23:45,-1.05709,26.33,0.591
7/4/2018,23:46,-1.0571,26.33,0.51
7/4/2018,23:47,-1.22155,26.33,0.946
7/4/2018,23:48,-1.40948,26.33,1.12
7/4/2018,23:49,-1.40949,26.33,1.06
7/4/2018,23:50,-1.4095,26.33,1.001
7/4/2018,23:51,-1.40948,26.31,1.225
7/4/2018,23:52,-1.40948,26.29,1.189
7/4/2018,23:53,-1.40948,26.28,1.354
7/4/2018,23:54,-1.40948,26.27,1.249
7/4/2018,23:55,-1.40948,26.24,1.266
7/4/2018,23:56,-1.4095,26.22,1.63
7/4/2018,23:57,-1.40951,26.2,1.516
7/4/2018,23:58,-1.40951,26.18,1.454
7/4/2018,23:59,-1.40953,26.17,1.228
